Workbook
Name _IDX1: 'Table 1'!#REF!
Name _IDX1: 'Table 4'!#REF!
Name _IDX11: 'Table 3'!#REF!
Name _IDX12: 'Table 3'!#REF!
Name _IDX13: 'Table 3'!#REF!
Name _IDX14: 'Table 3'!#REF!
Name _IDX16: 'Table 3'!#REF!
Name _IDX17: 'Table 1'!#REF!
Name _IDX17: 'Table 4'!#REF!
Name _IDX18: 'Table 1'!#REF!
Name _IDX18: 'Table 4'!#REF!
Name _IDX19: 'Table 1'!#REF!
Name _IDX19: 'Table 4'!#REF!
Name _IDX2: 'Table 1'!#REF!
Name _IDX2: 'Table 4'!#REF!
Name _IDX20: 'Table 1'!#REF!
Name _IDX20: 'Table 4'!#REF!
Name _IDX22: 'Table 1'!#REF!
Name _IDX22: 'Table 4'!#REF!
Name _IDX23: 'Table 1'!#REF!
Name _IDX23: 'Table 4'!#REF!
Name _IDX24: 'Table 1'!#REF!
Name _IDX24: 'Table 4'!#REF!
Name _IDX25: 'Table 1'!#REF!
Name _IDX25: 'Table 4'!#REF!
Name _IDX26: 'Table 3'!#REF!
Name _IDX27: 'Table 1'!#REF!
Name _IDX27: 'Table 4'!#REF!
Name _IDX28: 'Table 1'!#REF!
Name _IDX28: 'Table 4'!#REF!
Name _IDX280: 'Table 1'!#REF!
Name _IDX280: 'Table 4'!#REF!
Name _IDX281: 'Table 1'!#REF!
Name _IDX281: 'Table 4'!#REF!
Name _IDX282: 'Table 1'!#REF!
Name _IDX282: 'Table 4'!#REF!
Name _IDX283: 'Table 1'!#REF!
Name _IDX283: 'Table 4'!#REF!
Name _IDX29: 'Table 1'!#REF!
Name _IDX29: 'Table 4'!#REF!
Name _IDX3: 'Table 1'!#REF!
Name _IDX3: 'Table 4'!#REF!
Name _IDX30: 'Table 1'!#REF!
Name _IDX30: 'Table 4'!#REF!
Name _IDX31: 'Table 1'!#REF!
Name _IDX31: 'Table 4'!#REF!
Name _IDX311: 'Table 4'!#REF!
Name _IDX312: 'Table 4'!#REF!
Name _IDX314: 'Table 4'!#REF!
Name _IDX315: 'Table 4'!#REF!
Name _IDX317: 'Table 4'!#REF!
Name _IDX318: 'Table 4'!#REF!
Name _IDX32: 'Table 1'!#REF!
Name _IDX32: 'Table 4'!#REF!
Name _IDX320: 'Table 4'!#REF!
Name _IDX321: 'Table 4'!#REF!
Name _IDX323: 'Table 4'!#REF!
Name _IDX324: 'Table 4'!#REF!
Name _IDX326: 'Table 4'!#REF!
Name _IDX327: 'Table 4'!#REF!

Sheet Table 1
A1: Table 1. Unadjusted Estimated Incidence Proportions (R), Risk Differences (RD), Risk Ratios (RR), Incidence Odds Ratios (OR), and 95% Confidence Intervals (CI) for the Risk of Preterm Birtha in a Cohort of U.S. Singleton Live Births Using 2006 U.S. Birth Certificate Datab
B2: Preterm N | C2: Total N | E2: R | F2: 95% CI | I2: RD | J2: 95% CI | M2: RR | N2: 95% CI | Q2: OR | R2: 95% CI
A3: Early entry into prental carec
A4: Nod | B4: 1311 | C4: 10177 | E4: 0.13 | F4: 0.12 | G4: 0.14 | I4: 0 | M4: 1 | Q4: 1
A5: Yes | B5: 4998 | C5: 45534 | E5: 0.12 | F5: 0.11 | G5: 0.11 | I5: -0.019 | J5: -0.026 | K5: -0.012 | M5: 0.852 | N5: 0.8 | O5: 0.9 | Q5: 0.83 | R5: 0.78 | S5: 0.89
A6: Maternal Race/Ethnicity
A7: Whited | B7: 3168 | C7: 28770 | I7: 0 | M7: 1 | Q7: 1
A8: African American | B8: 1171 | C8: 7314 | E8: 0.16 | F8: 0.15 | G8: 0.17 | I8: 0.061 | J8: 0.052 | K8: 0.07 | M8: 1.61 | N8: 1.52 | O8: 1.72 | Q8: 1.73 | R8: 1.61 | S8: 1.86
A9: American Indian/Alaska Native | B9: 50 | C9: 332 | E9: 0.1506 | F9: 0.1121 | G9: 0.1891 | I9: 0.0514 | J9: 0.0128 | K9: 0.09 | M9: 1.5183 | N9: 1.1735 | O9: 1.9644 | Q9: 1.6102 | R9: 1.1893 | S9: 2.18
A10: Asian | B10: 164 | C10: 1737 | E10: 0.0944 | F10: 0.0807 | G10: 0.1082 | I10: -0.0048 | J10: -0.0189 | K10: 0.0094 | M10: 0.9518 | N10: 0.8198 | O10: 1.1052 | Q10: 0.9468 | R10: 0.8028 | S10: 1.1166
A11: Hawaiian/Pacific Islander | B11: 6 | C11: 60 | E11: 0.1 | F11: 0.0241 | G11: 0.1759 | I11: 0.0008 | J11: -0.0752 | K11: 0.0768 | M11: 1.0081 | N11: 0.4716 | O11: 2.1553 | Q11: 1.009 | R11: 0.4338 | S11: 2.3472
A12: Hispanic | B12: 1632 | C12: 13512 | E12: 0.12 | F12: 0.12 | G12: 0.13 | I12: 0.022 | J12: 0.015 | K12: 0.028 | M12: 1.22 | N12: 1.15 | O12: 1.29 | Q12: 1.25 | R12: 1.17 | S12: 1.33
A13: Multi-racial | B13: 84 | C13: 612 | E13: 0.1373 | F13: 0.11 | G13: 0.1645 | I13: 0.0381 | J13: 0.0106 | K13: 0.0655 | M13: 1.3837 | N13: 1.1314 | O13: 1.6924 | Q13: 1.4448 | R13: 1.1443 | S13: 1.8241
A14: Mother smoked during pregnancy
A15: Nod | B15: 4410 | C15: 40702 | E15: 0.11 | F15: 0.11 | G15: 0.11 | I15: 0 | M15: 1 | Q15: 1
A16: Yes | B16: 831 | C16: 6124 | E16: 0.14 | F16: 0.13 | G16: 0.14 | I16: 0.027 | J16: 0.018 | K16: 0.036 | M16: 1.25 | N16: 1.17 | O16: 1.34 | Q16: 1.29 | R16: 1.19 | S16: 1.4
A17: aPreterm birth includes live births that occurred at gestational ages 21-36 weeks inclusive
A18: bOnly births reported on the 2003 revised U.S. Standard Birth Certificate were eligible
A19: cEarly entry into prenatal care includes entry into prenatal care prior to 5 months gestation; not early entry includes no entry into prenatal care and entry in month 5 or later
A20: dReference group
B24: NNT
A25: Early entry into prental carec | B25: 52.63
A26: Mother smoked during pregnancy | B26: 37.037

Sheet Table 2
A1: Table 2. Estimated Incidence Proportions (R), Risk Differences (RD), Risk Ratios (RR), Incidence Odds Ratios (OR), and 95% Confidence Intervals (CI) for the Risk of Preterm Birtha in a Cohort of U.S. Singleton Live Births Using 2006 U.S. Birth Certificate Datab
B2: Preterm N | C2: Total N | E2: R | G2: RD | H2: 95% CI | K2: RR | L2: 95% CI | O2: OR | P2: 95% CI
A3: Early entry into prental carec
A4: Nod | B4: ='Table 1'!B4 -> 1311 | C4: ='Table 1'!C4 -> 10177 | E4: 0.13 | G4: 0 | K4: 1 | O4: 1
A5: Yes | B5: ='Table 1'!B5 -> 4998 | C5: ='Table 1'!C5 -> 45534 | E5: 0.1097 | G5: -0.019 | H5: -0.026 | I5: -0.012 | K5: 0.85205 | L5: 0.805 | M5: 0.9019 | O5: 0.8339 | P5: 0.8437 | Q5: 0.8241
A6: Maternal Race/Ethnicity
A7: Whited | B7: ='Table 1'!B7 -> 3168 | C7: ='Table 1'!C7 -> 28770 | E7: 0.1 | G7: 0 | K7: 1 | O7: 1
A8: African American | B8: ='Table 1'!B8 -> 1171 | C8: ='Table 1'!C8 -> 7314 | E8: 0.1601 | G8: 0.0609 | H8: 0.051884 | I8: 0.069916 | K8: 1.6141363 | L8: 1.5171962 | M8: 1.7172703 | O8: 1.7311744 | P8: 1.6100738 | Q8: 1.8613834
A9: American Indian/Alaska Native | B9: ='Table 1'!B9 -> 50 | C9: ='Table 1'!C9 -> 332 | E9: 0.1466666 | G9: 0.051 | H9: 0.012788 | I9: 0.090012 | K9: 1.5183132 | L9: 1.1735766 | M9: 1.9643158 | O9: 1.610106 | P9: 1.1892038 | Q9: 2.1799806
A10: Asian | B10: ='Table 1'!B10 -> 164 | C10: ='Table 1'!C10 -> 1737 | E10: 0.0947505 | G10: -0.005 | H10: -0.018912 | I10: 0.009312 | K10: 0.95180033 | L10: 0.81975317 | M10: 1.1051179 | O10: 0.94686382 | P10: 0.80281418 | Q10: 1.1167604
A11: Hawaiian/Pacific Islander | B11: ='Table 1'!B11 -> 6 | C11: ='Table 1'!C11 -> 60 | E11: 0.1 | G11: 0.0008 | H11: -0.075248 | I11: 0.076848 | K11: 1.0081329 | L11: 0.47152083 | M11: 2.1554338 | O11: 1.0090406 | P11: 0.43379986 | Q11: 2.34708
A12: Hispanic | B12: ='Table 1'!B12 -> 1632 | C12: ='Table 1'!C12 -> 13512 | E12: 0.1208 | G12: 0.0216 | H12: 0.015132 | I12: 0.028068 | K12: 1.2176223 | L12: 1.1510194 | M12: 1.288079 | O12: 1.2475729 | P12: 1.1708102 | Q12: 1.3293685
A13: Multi-racial | B13: ='Table 1'!B13 -> 84 | C13: ='Table 1'!C13 -> 612 | E13: 0.1373 | G13: 0.0381 | H13: 0.01066 | I13: 0.06554 | K13: 1.3837539 | L13: 1.1314591 | M13: 1.6923058 | O13: 1.444842 | P13: 1.1442621 | Q13: 1.8243796
A14: Mother smoked during pregnancy
A15: Nod | B15: ='Table 1'!B15 -> 4410 | C15: ='Table 1'!C15 -> 40702 | E15: 0.12 | G15: 0 | K15: 1 | O15: 1
A16: Yes | B16: ='Table 1'!B16 -> 831 | C16: ='Table 1'!C16 -> 6124 | E16: 0.1356 | G16: 0.0317 | H16: 0.018284 | I16: 0.036316 | K16: 1.252448 | L16: 1.1689524 | M16: 1.3419074 | O16: 1.2920111 | P16: 1.1931824 | Q16: 1.3990256
A17: aPreterm birth includes live births that occurred at gestational ages 21-36 weeks inclusive
A18: bOnly births reported on the 2003 revised U.S. Standard Birth Certificate were eligible
A19: cEarly entry into prenatal care includes entry into prenatal care prior to 5 months gestation; not early entry includes no entry into prenatal care and entry in month 5 or later
A20: dReference group

Sheet Table 3
A1: Table 3. Unadjusted Estimated Incidence Proportions (R), Risk Differences (RD), Risk Ratios (RR), Incidence Odds Ratios (OR), and 95% Confidence Intervals (CI) for the Risk of Preterm Birtha by Race and Ethnicity in a Cohort of U.S. Singleton Live Births Using 2006 U.S. Birth Certificate Datab
B2: Preterm N | C2: Total N | E2: R | G2: RD | H2: 95% CI | K2: RR | L2: 95% CI | O2: OR | P2: 95% CI
A3: Maternal Race/Ethnicity
A4: Whitec | B4: ='Table 1'!B7 -> 3168 | C4: ='Table 1'!C7 -> 28770 | E4: ='Table 1'!E7 -> 0 | G4: 0 | K4: 1 | O4: 1
A5: African American | B5: ='Table 1'!B8 -> 1171 | C5: ='Table 1'!C8 -> 7314 | E5: ='Table 1'!E8 -> 0.16 | G5: ='Table 1'!I8 -> 0.061 | H5: ='Table 1'!J8 -> 0.052 | I5: ='Table 1'!K8 -> 0.07 | K5: ='Table 1'!M8 -> 1.61 | L5: ='Table 1'!N8 -> 1.52 | M5: ='Table 1'!O8 -> 1.72 | O5: ='Table 1'!Q8 -> 1.73 | P5: ='Table 1'!R8 -> 1.61 | Q5: ='Table 1'!S8 -> 1.86
A6: American Indian/Alaska Native | B6: ='Table 1'!B9 -> 50 | C6: ='Table 1'!C9 -> 332 | E6: ='Table 1'!E9 -> 0.1506 | G6: ='Table 1'!I9 -> 0.0514 | H6: ='Table 1'!J9 -> 0.0128 | I6: ='Table 1'!K9 -> 0.09 | K6: ='Table 1'!M9 -> 1.5183 | L6: ='Table 1'!N9 -> 1.1735 | M6: ='Table 1'!O9 -> 1.9644 | O6: ='Table 1'!Q9 -> 1.6102 | P6: ='Table 1'!R9 -> 1.1893 | Q6: ='Table 1'!S9 -> 2.18
A7: Asian | B7: ='Table 1'!B10 -> 164 | C7: ='Table 1'!C10 -> 1737 | E7: ='Table 1'!E10 -> 0.0944 | G7: ='Table 1'!I10 -> -0.0048 | H7: ='Table 1'!J10 -> -0.0189 | I7: ='Table 1'!K10 -> 0.0094 | K7: ='Table 1'!M10 -> 0.9518 | L7: ='Table 1'!N10 -> 0.8198 | M7: ='Table 1'!O10 -> 1.1052 | O7: ='Table 1'!Q10 -> 0.9468 | P7: ='Table 1'!R10 -> 0.8028 | Q7: ='Table 1'!S10 -> 1.1166
A8: Hawaiian/Pacific Islander | B8: ='Table 1'!B11 -> 6 | C8: ='Table 1'!C11 -> 60 | E8: ='Table 1'!E11 -> 0.1 | G8: ='Table 1'!I11 -> 0.0008 | H8: ='Table 1'!J11 -> -0.0752 | I8: ='Table 1'!K11 -> 0.0768 | K8: ='Table 1'!M11 -> 1.0081 | L8: ='Table 1'!N11 -> 0.4716 | M8: ='Table 1'!O11 -> 2.1553 | O8: ='Table 1'!Q11 -> 1.009 | P8: ='Table 1'!R11 -> 0.4338 | Q8: ='Table 1'!S11 -> 2.3472
A9: Hispanic | B9: ='Table 1'!B12 -> 1632 | C9: ='Table 1'!C12 -> 13512 | E9: ='Table 1'!E12 -> 0.12 | G9: ='Table 1'!I12 -> 0.022 | H9: ='Table 1'!J12 -> 0.015 | I9: ='Table 1'!K12 -> 0.028 | K9: ='Table 1'!M12 -> 1.22 | L9: ='Table 1'!N12 -> 1.15 | M9: ='Table 1'!O12 -> 1.29 | O9: ='Table 1'!Q12 -> 1.25 | P9: ='Table 1'!R12 -> 1.17 | Q9: ='Table 1'!S12 -> 1.33
A10: Multi-racial | B10: ='Table 1'!B13 -> 84 | C10: ='Table 1'!C13 -> 612 | E10: ='Table 1'!E13 -> 0.1373 | G10: ='Table 1'!I13 -> 0.0381 | H10: ='Table 1'!J13 -> 0.0106 | I10: ='Table 1'!K13 -> 0.0655 | K10: ='Table 1'!M13 -> 1.3837 | L10: ='Table 1'!N13 -> 1.1314 | M10: ='Table 1'!O13 -> 1.6924 | O10: ='Table 1'!Q13 -> 1.4448 | P10: ='Table 1'!R13 -> 1.1443 | Q10: ='Table 1'!S13 -> 1.8241
A11: Maternal Hispanic versus Not Hispanic
A12: Not Hispanicc | B12: 4630 | C12: 41930 | E12: 0.11 | G12: 0 | K12: 1 | O12: 1
A13: Hispanic | B13: 1644 | C13: 13571 | E13: 0.1211 | G13: 0.0096 | H13: 0.004428 | I13: 0.016972 | K13: 1.0970228 | L13: 1.0404778 | M13: 1.1566409 | O13: 1.1104885 | P13: 1.0458438 | Q13: 1.179129
A14: Maternal Hispanic versus Not Hispanic among Single Race White Only
A15: Not Hispanicc | B15: 3168 | C15: 31938 | E15: 0.1 | G15: 0 | K15: 1 | O15: 1
A16: Hispanic | B16: 1539 | C16: 12669 | E16: 0.1215 | G16: 0.0223 | H16: 0.015832 | I16: 0.028768 | K16: 1.224705 | L16: 1.1565807 | M16: 1.2968419 | O16: 1.2557086 | P16: 1.1770602 | Q16: 1.339612
A17: Maternal Hispanic Ethnic Groups versus Non-Hispanic White Single Race
A18: Non-Hispanicc | B18: 3168 | C18: 31938 | E18: 0.1 | G18: 0 | K18: 1 | O18: 1
A19: Mexican | B19: 1021 | C19: 8666 | E19: 0.1178 | G19: 0.0186 | H19: 0.011152 | I19: 0.026048 | K19: 1.1877966 | L19: 1.1114395 | M19: 1.2693996 | O19: 1.2128828 | P19: 1.1253882 | Q19: 1.3071798
A20: Puerto Rican | B20: 130 | C20: 959 | E20: 0.1356 | G20: 0.0364 | H20: 0.014448 | I20: 0.058352 | K20: 1.3665646 | L20: 1.1607101 | M20: 1.6089278 | O20: 1.424043 | P20: 1.1793318 | Q20: 1.7195317
A21: Cuban | B21: 43 | C21: 487 | E21: 0.0883 | G21: -0.0109 | H21: -0.03638 | I21: 0.01458 | K21: 0.8901191 | L21: 0.6678204 | M21: 1.1864148 | O21: 0.87950151 | P21: 0.64174259 | Q21: 1.2053476
A22: Central or South American | B22: 246 | C22: 1999 | E22: 0.1231 | G22: 0.0239 | H22: 0.0092 | I22: 0.0386 | K22: 1.240606 | L22: 1.0986476 | M22: 1.4009072 | O22: 1.2744312 | P22: 1.1097381 | Q22: 1.4635661
A23: Other and Unknown Hispanic | B23: 192 | C23: 1401 | E23: 0.1371 | G23: 0.0379 | H23: 0.019672 | I23: 0.056128 | K23: 1.3815416 | L23: 1.2065487 | M23: 1.5819148 | O23: 1.4422437 | P23: 1.2331798 | Q23: 1.6867507
A24: aPreterm birth includes live births that occurred at gestational ages 21-36 weeks inclusive
A25: bOnly births reported on the 2003 revised U.S. Standard Birth Certificate were eligible
A26: cReference group

Sheet Table 4
A1: Table 4. Unadjusted Associations Between Early Entry Into Prental Carea Versus Not Early Entry and Study Covariates.
B2: Early Entry N | C2: Not Early Entry N | E2: OR | F2: 95% CI
A3: Maternal Race/Ethnicity
A4: Whiteb | B4: 27879 | C4: 4059 | E4: 1
A5: African American | B5: 5353 | C5: 1961 | E5: 0.3974 | F5: 0.3738 | G5: 0.4226
A6: American Indian/Alaska Native | B6: 229 | C6: 103 | E6: 0.3237 | F6: 0.2559 | G6: 0.4094
A7: Asian | B7: 1497 | C7: 240 | E7: 0.9081 | F7: =EXP(-0.0964-1.96*0.0715) -> 0.78935431 | G7: =EXP(-0.0964+1.96*0.0715) -> 1.0447107
A8: Hawaiian/Pacific Islander | B8: 36 | C8: 24 | E8: 0.2184 | F8: 0.1302 | G8: 0.3664
A9: Hispanic | B9: 9885 | C9: 3627 | E9: 0.3968 | F9: 0.3773 | G9: 0.4173
A10: Multi-racial | B10: 503 | C10: 109 | E10: 0.6718 | F10: =EXP(-0.3977-1.96*0.107) -> 0.54475452 | G10: =EXP(-0.3977+1.96*0.107) -> 0.82863128
A11: Maternal Hispanic Ethnic Groups versus Non-Hispanic White Single Race
A12: Non-Hispanicb | B12: 27897 | C12: 4059 | E12: 1
A13: Mexican | B13: 6029 | C13: 2637 | E13: 0.3329 | F13: 0.3146 | G13: 0.3522
A14: Puerto Rican | B14: 808 | C14: 151 | E14: 0.7791 | F14: 0.6528 | G14: 0.9298
A15: Cuban | B15: 439 | C15: 48 | E15: =EXP(0.2864) -> 1.331625 | F15: =EXP(0.2864-1.96*0.1529) -> 0.98680384 | G15: =EXP(0.2864+1.96*0.1529) -> 1.7969378
A16: Central or South American | B16: 1513 | C16: 486 | E16: =EXP(-0.7913) -> 0.45325518 | F16: =EXP(-0.7913-1.96*0.0548) -> 0.40709529 | G16: =EXP(-0.7913+1.96*0.0548) -> 0.50464907
A17: Other and Unknown Hispanic | B17: 1096 | C17: 305 | E17: 0.5232 | F17: 0.4589 | G17: 0.5965
A18: Mother smoked during pregnancy
A19: Nob | B19: 33562 | C19: 7140 | E19: 1
A20: Yes | B20: 4691 | C20: 1433 | E20: 0.7 | F20: 0.653 | G20: 0.74
A21: aEarly entry into prenatal care includes entry into prenatal care prior to 5 months gestation; not early entry includes no entry into prenatal care and entry in month 5 or later
A22: bReference group

Sheet Tables 5 & 6
A1: Table 5. Estimated Risks, RDs, & 95% CIs for Maternal Age From Linear Risk Regression Models.
B2: Model 1 Tertiles | F2: Model 2 "Biologic" Categories | J2: Model 3 5 Year Age Groups | N2: Model 4 Single Years, Grouped Ends | R2: Model 9 Linear Risk, Linear | V2: Model 10 Linear Risk, Quadratic
B3: Estimate | C3: 95% CI | F3: Estimate | G3: 95% CI | J3: Estimate | K3: 95% CI | N3: Estimate | O3: 95% CI | R3: Estimate | S3: 95% CI | V3: Estimate | W3: 95% CI
A4: Risk
A5: 16 | B5: 0.1241657 | C5: 0.1197 | D5: 0.1286 | F5: 0.1486 | G5: 0.1398 | H5: 0.1576 | J5: 0.1477423 | K5: 0.1388 | L5: 0.1567 | M5: 0.1477 | N5: 0.1318493 | O5: 0.1044 | P5: 0.1593 | R5: 0.1227243 | S5: 0.1175 | T5: 0.128 | V5: 0.1573249 | W5: 0.1483 | X5: 0.1664
A6: 26 | B6: 0.1018827 | C6: 0.0975 | D6: 0.106212 | F6: 0.1072 | G6: 0.1043 | H6: 0.1102 | J6: 0.1025 | K6: 0.0978 | L6: 0.1073 | N6: 0.110061 | O6: 0.0994 | P6: 0.1208 | R6: 0.114 | S6: 0.1114 | T6: 0.1168 | V6: 0.1030629 | W6: 0.0997 | X6: 0.1064
A7: 40 | B7: 0.1118628 | C7: 0.107 | D7: 0.1167 | F7: 0.1184 | G7: 0.111 | H7: 0.1259 | J7: 0.142 | K7: 0.1224 | L7: 0.1616 | N7: 0.1353066 | O7: 0.1045 | P7: 0.1661 | R7: 0.1020843 | S7: 0.0963 | T7: 0.1078 | V7: 0.1362625 | W7: 0.1266 | X7: 0.146
A8: RD
A9: 16 vs. 26 | B9: 0.022 | C9: 0.016 | D9: 0.028524 | F9: 0.0418 | G9: 0.031992 | H9: 0.050808 | J9: 0.0451931 | K9: 0.03504128 | L9: 0.05534492 | N9: 0.021939 | O9: -0.007668148 | P9: 0.051244748 | R9: 0.0086 | S9: 0.00456828 | T9: 0.01263172 | V9: 0.054262 | W9: 0.0442 | X9: 0.0643
A10: 40 vs. 26 | B10: 0.01 | C10: 0.003449184 | D10: 0.016511016 | F10: 0.0112 | G10: 0.003164 | H10: 0.019236 | J10: 0.0394508 | K10: 0.01930988 | L10: 0.05966392 | N10: 0.024939 | O10: -0.007388008 | P10: 0.057879208 | R10: -0.01204 | S10: -0.018 | T10: -0.006 | V10: 0.0331996 | W10: 0.0219 | X10: 0.0446
A13: Table 6. Estimated Risks, RRs, & 95% CIs for Maternal Age From Log-Risk Regression Models.
B14: Model 5 Tertiles | F14: Model 6 "Biologic" Categories | J14: Model 7 5 Year Age Groups | N14: Model 8 Single Years, Grouped Ends | R14: Model 11 Log Risk, Linear | V14: Model 12 Log Risk, Quadratic
B15: Estimate | C15: 95% CI | F15: Estimate | G15: 95% CI | J15: Estimate | K15: 95% CI | N15: Estimate | O15: 95% CI | R15: Estimate | S15: 95% CI | V15: Estimate | W15: 95% CI
A16: Risk
A17: 16 | R17: 0.12459385 | S17: 0.1188 | T17: 0.1307 | V17: 0.16164253 | W17: 0.1515 | X17: 0.1725
A18: 26 | R18: 0.11410741 | S18: 0.1115 | T18: 0.1168 | V18: 0.10341989 | W18: 0.1003 | X18: 0.1066
A19: 40 | R19: 0.10088238 | S19: 0.0953 | T19: 0.1068 | V19: 0.13491477 | W19: 0.1255 | X19: 0.1451
A20: RR
A21: 16 vs. 26 | B21: 1.2187124 | C21: 1.1523946 | D21: 1.2888467 | F21: 1.3863184 | G21: 1.2978458 | H21: 1.480822 | I21: 0 | J21: 1.4406967 | K21: 1.334675 | L21: 1.5551404 | N21: 1.1979661 | O21: 0.9520662 | P21: 1.5073771 | R21: 1.0919444 | S21: 1.053116 | T21: 1.13519 | V21: 1.5629734 | W21: 1.4485 | X21: 1.6865
A22: 40 vs. 26 | B22: 1.0979565 | C22: 1.0329604 | D22: 1.1670422 | F22: 1.1044846 | G22: 1.031218 | H22: 1.1829567 | J22: 1.3850528 | K22: 1.1973145 | L22: 1.6022285 | N22: 1.2293781 | O22: 0.95960979 | P22: 1.5749844 | R22: 0.88413634 | S22: 0.82975575 | T22: 0.933547 | V22: 1.3045341 | W22: 1.1976 | X22: 1.421
A25: Table 6. Estimated Risks, RRs, & 95% CIs for Maternal Age From Log-Risk Regression Models cont.
B26: Model 13 Linear Spline | F26: Model 14 Quadratic Spline | J26: Model 15 Restricted Quadratic Spline
B27: Estimate | C27: 95% CI | F27: Estimate | G27: 95% CI | J27: Estimate | K27: 95% CI
A28: Risk
A29: 16 | B29: 0.1609 | C29: 0.1456 | D29: 0.1779 | F29: 0.1648 | G29: 0.1518 | H29: 0.1789 | J29: 0.1637 | K29: 0.1514 | L29: 0.177
A30: 26 | B30: 0.1046 | C30: 0.1012 | D30: 0.1081 | F30: 0.1024 | G30: 0.0986 | H30: 0.1063 | J30: 0.1024 | K30: 0.0988 | L30: 0.1061
A31: 40 | B31: 0.1345 | C31: 0.1233 | D31: 0.1467 | F31: 0.132 | G31: 0.1215 | H31: 0.1434 | J31: 0.1332 | K31: 0.1226 | L31: 0.1447
A32: RR
A33: 16 vs. 26 | B33: 1.5386 | C33: 1.3848 | D33: 1.7095 | F33: 1.6101 | G33: 1.4586 | H33: 1.7773 | J33: 1.5991 | K33: 1.45 | L33: 1.7636
A34: 40 vs. 26 | B34: 1.2857 | C34: 1.1718 | D34: 1.4106 | F34: 1.2897 | G34: 1.1781 | H34: 1.412 | J34: 1.3012 | K34: 1.1883 | L34: 1.4248
