Workbook
Name _IDX10: 'table 1'!#REF!
Name _IDX11: 'table 1'!#REF!
Name _IDX12: 'table 1'!#REF!
Name _IDX12: 'table 2'!#REF!
Name _IDX13: 'table 1'!#REF!
Name _IDX13: 'table 2'!#REF!
Name _IDX14: 'table 1'!#REF!
Name _IDX14: 'table 2'!#REF!
Name _IDX15: 'table 1'!#REF!
Name _IDX15: 'table 2'!#REF!
Name _IDX16: 'table 4'!#REF!
Name _IDX17: 'table 1'!#REF!
Name _IDX17: 'table 2'!#REF!
Name _IDX18: 'table 1'!#REF!
Name _IDX18: 'table 2'!#REF!
Name _IDX19: 'table 1'!#REF!
Name _IDX19: 'table 2'!#REF!
Name _IDX20: 'table 1'!#REF!
Name _IDX20: 'table 2'!#REF!
Name _IDX21: 'table 1'!#REF!
Name _IDX21: 'table 2'!#REF!
Name _IDX22: 'table 1'!#REF!
Name _IDX22: 'table 2'!#REF!
Name _IDX23: 'table 1'!#REF!
Name _IDX23: 'table 2'!#REF!
Name _IDX24: 'table 1'!#REF!
Name _IDX24: 'table 2'!#REF!
Name _IDX25: 'table 1'!#REF!
Name _IDX25: 'table 2'!#REF!
Name _IDX28: 'table 3'!#REF!
Name _IDX28: 'table 4'!#REF!
Name _IDX29: 'table 3'!#REF!
Name _IDX29: 'table 4'!#REF!
Name _IDX30: 'table 3'!#REF!
Name _IDX30: 'table 4'!#REF!
Name _IDX31: 'table 3'!#REF!
Name _IDX31: 'table 4'!#REF!
Name _IDX32: 'table 3'!#REF!
Name _IDX32: 'table 4'!#REF!
Name _IDX33: 'table 3'!#REF!
Name _IDX33: 'table 4'!#REF!
Name _IDX36: 'table 4'!#REF!
Name _IDX37: 'table 4'!#REF!
Name _IDX38: 'table 2'!#REF!
Name _IDX39: 'table 2'!#REF!
Name _IDX40: 'table 2'!#REF!
Name _IDX41: 'table 2'!#REF!
Name _IDX42: 'table 2'!#REF!
Name _IDX43: 'table 2'!#REF!
Name _IDX44: 'table 2'!#REF!
Name _IDX45: 'table 2'!#REF!
Name _IDX46: 'table 2'!#REF!
Name _IDX47: 'table 4'!#REF!
Name _IDX48: 'table 2'!#REF!
Name _IDX49: 'table 2'!#REF!
Name _IDX50: 'table 2'!#REF!
Name _IDX51: 'table 2'!#REF!
Name _IDX52: 'table 2'!#REF!
Name _IDX53: 'table 2'!#REF!
Name _IDX54: 'table 2'!#REF!

Sheet table 1
A1: Table 1. Characteristics of a Cohort of U.S., Singleton, Live Births by Preterm Birth Status Based on the 2006 U.S. Birth Certificate Dataa
B2: Eligible Births (n=55,711) | E2: Preterm Birthsb (n=6,309) | H2: Term Births (n=49,402)
B3: No. | C3: % | E3: No. | F3: % | H3: No. | I3: %
A4: Prenatal care prior to month 5
A5: Yes | B5: 45534 | C5: 81.73 | E5: 4998 | F5: 79.22 | H5: 40536 | I5: 82.05
A6: No | B6: 10177 | C6: 18.27 | E6: 1311 | F6: 20.78 | H6: 8866 | I6: 17.95
A7: Maternal age, years
A8: 12-14 | B8: 97 | C8: 0.17 | E8: 20 | F8: 0.32 | H8: 77 | I8: 0.16
A9: 15-19 | B9: 6024 | C9: 10.81 | E9: 890 | F9: 14.11 | H9: 5134 | I9: 10.39
A10: 20-24 | B10: 15004 | C10: 26.93 | E10: 1713 | F10: 27.15 | H10: 13291 | I10: 26.9
A11: 25-29 | B11: 15534 | C11: 27.88 | E11: 1593 | F11: 25.25 | H11: 13941 | I11: 28.22
A12: 30-34 | B12: 11825 | C12: 21.23 | E12: 1237 | F12: 19.61 | H12: 10588 | I12: 21.43
A13: 35-39 | B13: 5952 | C13: 10.68 | E13: 670 | F13: 10.62 | H13: 5282 | I13: 10.69
A14: 40-44 | B14: 1218 | C14: 2.19 | E14: 173 | F14: 2.74 | H14: 1045 | I14: 2.12
A15: 45-50 | B15: 57 | C15: 0.1 | E15: 13 | F15: 0.21 | H15: 44 | I15: 0.09
A16: Maternal race/ethnicity
A17: White | B17: 31938 | C17: 57.54 | E17: 3168 | F17: 50.49 | H17: 28770 | I17: 58.44
A18: African American | B18: 7314 | C18: 13.18 | E18: 1171 | F18: 18.66 | H18: 6143 | I18: 12.48
A19: American Indian/Alaska Native | B19: 332 | C19: 0.6 | E19: 50 | F19: 0.8 | H19: 282 | I19: 0.57
A20: Asian | B20: 1737 | C20: 3.13 | E20: 164 | F20: 2.61 | H20: 1573 | I20: 3.2
A21: Hawaiian/Pacific Islander | B21: 60 | C21: 0.11 | E21: 6 | F21: 0.1 | H21: 54 | I21: 0.11
A22: Hispanic | B22: 13512 | C22: 24.34 | E22: 1632 | F22: 26.01 | H22: 11880 | I22: 24.13
A23: Multi-racial | B23: 612 | C23: 1.1 | E23: 84 | F23: 1.34 | H23: 528 | I23: 1.07
A24: Missing | B24: 206 | E24: 34 | H24: 172
A25: Mother smoked during pregnancy
A26: Yes | B26: 6124 | C26: 13.08 | E26: 831 | F26: 15.86 | H26: 5293 | I26: 12.73
A27: No | B27: 40702 | C27: 86.92 | E27: 4410 | F27: 84.14 | H27: 36292 | I27: 87.27
A28: Missing | B28: 8885 | E28: 1068 | H28: 7817
A29: aOnly births reported on the 2003 revised U.S. Standard Birth Certificate were eligible
A30: bPreterm birth includes live births that occurred at gestational ages 21-36 weeks inclusive.

Sheet table 2
A1: Table 2. Characteristics of a Cohort of U.S., Singleton, Live Births by Entry Into Prenatal Care Based on the 2006 U.S. Birth Certificate Dataa
B2: ='table 1'!B2:C2 -> Eligible Births (n=55,711) | E2: Early Prenatal Careb (n=45,534) | H2: Not Early Prenatal Care (n=10,177)
B3: No. | C3: % | E3: No. | F3: % | H3: No. | I3: %
A4: Pretermc
A5: Yes | B5: 6309 | C5: 11.32 | E5: 4998 | F5: 10.98 | H5: 1311 | I5: 12.88
A6: No | B6: 49402 | C6: 88.7 | E6: 40536 | F6: 89.02 | H6: 8866 | I6: 87.12
A7: Maternal age, years
A8: 12-14 | B8: ='table 1'!B8 -> 97 | C8: ='table 1'!C8 -> 0.17 | E8: 48 | F8: 0.11 | H8: 49 | I8: 0.48
A9: 15-19 | B9: ='table 1'!B9 -> 6024 | C9: ='table 1'!C9 -> 10.81 | E9: 4134 | F9: 9.08 | H9: 1890 | I9: 18.57
A10: 20-24 | B10: ='table 1'!B10 -> 15004 | C10: ='table 1'!C10 -> 26.93 | E10: 11449 | F10: 25.14 | H10: 3555 | I10: 34.93
A11: 25-29 | B11: ='table 1'!B11 -> 15534 | C11: ='table 1'!C11 -> 27.88 | E11: 13140 | F11: 28.86 | H11: 2394 | I11: 23.52
A12: 30-34 | B12: ='table 1'!B12 -> 11825 | C12: ='table 1'!C12 -> 21.23 | E12: 10467 | F12: 22.99 | H12: 1358 | I12: 13.34
A13: 35-39 | B13: ='table 1'!B13 -> 5952 | C13: ='table 1'!C13 -> 10.68 | E13: 5236 | F13: 11.5 | H13: 716 | I13: 7.04
A14: 40-44 | B14: ='table 1'!B14 -> 1218 | C14: ='table 1'!C14 -> 2.19 | E14: 1015 | F14: 2.23 | H14: 203 | I14: 1.99
A15: 45-50 | B15: ='table 1'!B15 -> 57 | C15: ='table 1'!C15 -> 0.1 | E15: 45 | F15: 0.1 | H15: 12 | I15: 0.12
A16: Maternal race/ethnicity
A17: White | B17: ='table 1'!B17 -> 31938 | C17: ='table 1'!C17 -> 57.54 | E17: 27879 | F17: 61.43 | H17: 4059 | I17: 40.1
A18: African American | B18: ='table 1'!B18 -> 7314 | C18: ='table 1'!C18 -> 13.18 | E18: 5353 | F18: 11.8 | H18: 1961 | I18: 19.37
A19: American Indian/Alaska Native | B19: ='table 1'!B19 -> 332 | C19: ='table 1'!C19 -> 0.6 | E19: 229 | F19: 0.5 | H19: 103 | I19: 1.02
A20: Asian | B20: ='table 1'!B20 -> 1737 | C20: ='table 1'!C20 -> 3.13 | E20: 1497 | F20: 3.3 | H20: 240 | I20: 2.37
A21: Hawaiian/Pacific Islander | B21: ='table 1'!B21 -> 60 | C21: ='table 1'!C21 -> 0.11 | E21: 36 | F21: 0.08 | H21: 24 | I21: 0.24
A22: Hispanic | B22: ='table 1'!B22 -> 13512 | C22: ='table 1'!C22 -> 24.34 | E22: 9885 | F22: 21.78 | H22: 3627 | I22: 35.83
A23: Multi-racial | B23: ='table 1'!B23 -> 612 | C23: ='table 1'!C23 -> 1.1 | E23: 503 | F23: 1.11 | H23: 109 | I23: 1.08
A24: Missing | B24: ='table 1'!B24 -> 206 | E24: 152 | H24: 54
A25: Mother smoked during pregnancy
A26: Yes | B26: ='table 1'!B26 -> 6124 | C26: ='table 1'!C26 -> 13.08 | E26: 4691 | F26: 12.26 | H26: 1433 | I26: 16.72
A27: No | B27: ='table 1'!B27 -> 40702 | C27: ='table 1'!C27 -> 86.92 | E27: 33562 | F27: 87.74 | H27: 7140 | I27: 83.28
A28: Missing | B28: ='table 1'!B28 -> 8885 | E28: 7281 | H28: 1604
A29: aOnly births reported on the 2003 revised U.S. Standard Birth Certificate were eligible
A30: bEntry into prenatal care prior to 5 months gestation; not early entry includes no entry or entry during month 5 or later
A31: cPreterm birth includes live births that occurred at gestational ages 21-36 weeks inclusive

Sheet table 3
A1: Table 3. Summary Statistics for Gestational Age at Birth and at Entry Into Prenatal Care for All Births
B2: Gestational Agea at
B3: Birth | C3: Entry into Prental Careb
A4: n | B4: 79031 | C4: 54506
A5: mean | B5: 38.665 | C5: 3.225
A6: s.d. | B6: 2.414 | C6: 1.604
A7: median | B7: 39 | C7: 3
A8: 25th percentile | B8: 38 | C8: 2
A9: 75th percentile | B9: 40 | C9: 4
A10: minimum | B10: 17 | C10: 1
A11: maximum | B11: 47 | C11: 10
A12: # missing | B12: 969 | C12: 24228
A13: Skewness | B13: -1.809 | C13: 1.41
A14: Kurtosis | B14: 9.995 | C14: 2.05
A15: Kolmogorov-Smirnov Test for Normality
A16: Statistic | B16: 0.189 | C16: 0.26
A17: p-value | B17: <0.01 | C17: <0.01
A18: aGestational age at birth is in weeks; gestational age at entry into prenatal care is in months
A19: b1,266 observations are excluded because precare=0 means no prenatal care.

Sheet table 4
A1: Table 4. Summary Statistics for Maternal Age for All Eligible Pregnancies, Stratified on Pregnancy Outcome, and Stratified on Early Entry Into Prenatal Care
C2: Pregnancy Outcome | F2: Entry into Prenatal Care
B3: All | C3: Preterma | D3: Term | F3: Earlyb | G3: Not Early
A4: n | B4: 55711 | C4: 6309 | D4: 49402 | F4: 45534 | G4: 10177
A5: mean | B5: 27.018 | C5: 26.7 | D5: 27.058 | F5: 27.465 | G5: 25.016
A6: s.d. | B6: 6.09 | C6: 6.464 | D6: 6.04 | F6: 5.986 | G6: 6.152
A7: median | B7: 27 | C7: 26 | D7: 27 | F7: 27 | G7: 24
A8: 25th percentile | B8: 22 | C8: 21 | D8: 22 | F8: 23 | G8: 20
A9: 75th percentile | B9: 31 | C9: 31 | D9: 31 | F9: 32 | G9: 29
A10: minimum | B10: 12 | C10: 13 | D10: 12 | F10: 13 | G10: 12
A11: maximum | B11: 50 | C11: 48 | D11: 50 | F11: 50 | G11: 48
A12: # missing | B12: 0 | C12: 0 | D12: 0 | F12: 0 | G12: 0
A13: Skewness | B13: 0.2894 | C13: 0.36 | D13: 0.28 | F13: 0.226 | G13: 0.69
A14: Kurtosis | B14: -0.579 | C14: -0.6 | D14: -0.578 | F14: -0.59 | G14: -0.085
A15: Kolmogorov-Smirnov Test for Normality
A16: Statistic | B16: 0.069 | C16: 0.077 | D16: 0.068 | F16: 0.061 | G16: 0.105
A17: p-value | B17: <0.01 | C17: <0.01 | D17: <0.01 | F17: <0.01 | G17: <0.01
A18: aPreterm birth includes live births that occurred at gestational ages 21-36 weeks inclusive
A19: bEntry into prenatal care prior to 5 months gestation; not early includes no entry into prenatal care and entry in month 5 or later
